parent,child,last_name,email,gender,ip_address
XS,Houma,Ferrier,eferrier0@cornell.edu,Female,42.142.193.97
L,Costa Rican,McKeowon,emckeowon1@comsenz.com,Male,117.43.112.223
M,Paraguayan,Kennaird,gkennaird2@surveymonkey.com,Male,222.167.119.248
2XL,Kiowa,Zapatero,szapatero3@scribd.com,Male,53.160.38.133
S,Latin American Indian,Barkes,abarkes4@feedburner.com,Female,236.62.26.219
S,Vietnamese,Alders,walders5@nbcnews.com,Male,130.30.197.144
2XL,Houma,Kohnen,bkohnen6@sohu.com,Male,167.244.172.31
3XL,Cuban,Svanini,vsvanini7@businessinsider.com,Female,211.88.95.12
3XL,Micronesian,Plom,cplom8@infoseek.co.jp,Female,179.107.13.159
XL,Crow,Persence,tpersence9@mtv.com,Female,139.221.207.135
XL,Shoshone,Worwood,dworwooda@craigslist.org,Male,43.38.50.25
3XL,Tohono O'Odham,Sixsmith,fsixsmithb@elpais.com,Female,137.142.45.135
3XL,Native Hawaiian,Chasmer,rchasmerc@macromedia.com,Female,193.202.82.246
M,Houma,Riggoll,triggolld@chron.com,Male,193.39.72.69
M,Bangladeshi,Fulep,vfulepe@edublogs.org,Female,187.247.20.68
L,Spaniard,Hocking,shockingf@washingtonpost.com,Female,68.41.163.132
M,Cheyenne,Le Blond,hleblondg@bbc.co.uk,Female,12.212.55.22
XL,Yakama,Boyes,cboyesh@amazon.co.jp,Male,20.25.245.158
XS,Delaware,Whelband,cwhelbandi@trellian.com,Male,25.205.129.112
M,Nicaraguan,Althrope,dalthropej@vinaora.com,Male,59.2.160.205
XS,Thai,Gaitskell,cgaitskellk@naver.com,Female,7.54.232.1
S,Vietnamese,Beagan,dbeaganl@webs.com,Male,151.205.139.222
XS,Peruvian,McNickle,hmcnicklem@sphinn.com,Female,194.82.109.132
L,Dominican (Dominican Republic),Kerfut,kkerfutn@psu.edu,Male,212.72.233.4
M,Choctaw,Weems,nweemso@topsy.com,Female,12.89.72.73
L,Lumbee,Dumbrill,vdumbrillp@de.vu,Female,66.237.191.222
3XL,Honduran,Wrankmore,lwrankmoreq@pbs.org,Male,82.127.205.221
L,Lumbee,Englefield,renglefieldr@pbs.org,Male,166.239.66.156
L,Costa Rican,Bamb,tbambs@blogspot.com,Male,97.202.187.90
2XL,Nicaraguan,Piscotti,npiscottit@lycos.com,Male,177.143.200.195
XL,Asian Indian,Hapke,mhapkeu@e-recht24.de,Female,189.129.56.187
L,Blackfeet,Thonason,athonasonv@goo.gl,Male,217.75.201.55
XS,Venezuelan,Ounsworth,counsworthw@mozilla.com,Female,126.171.122.183
XL,Seminole,Kivits,gkivitsx@businessweek.com,Male,125.198.236.5
L,Panamanian,Maharey,imahareyy@list-manage.com,Female,245.253.159.218
S,Crow,Rainer,mrainerz@usda.gov,Male,82.38.127.167
M,Chamorro,Bohler,fbohler10@feedburner.com,Female,212.123.75.64
M,Costa Rican,O'Hartnett,cohartnett11@barnesandnoble.com,Female,13.48.234.54
XL,Sri Lankan,Allsworth,mallsworth12@123-reg.co.uk,Female,59.28.30.140
XS,Blackfeet,Attwoull,mattwoull13@123-reg.co.uk,Male,108.132.108.224
L,Alaskan Athabascan,Lamprey,alamprey14@yandex.ru,Female,81.157.173.131
XL,Apache,Aylward,vaylward15@stumbleupon.com,Male,159.149.99.2
S,Taiwanese,Pywell,mpywell16@msu.edu,Male,234.230.166.140
3XL,Central American,Ioannou,aioannou17@usatoday.com,Male,51.3.238.82
M,Malaysian,Meharg,jmeharg18@studiopress.com,Male,179.163.51.44
L,Black or African American,Miskin,mmiskin19@hubpages.com,Female,33.132.89.87
M,Sioux,Triner,rtriner1a@google.ru,Male,43.199.101.67
M,Colombian,Gonthard,egonthard1b@ibm.com,Female,224.99.141.39
XS,Aleut,Dogerty,ddogerty1c@aboutads.info,Male,247.206.192.129
L,Shoshone,Klulisek,yklulisek1d@xinhuanet.com,Male,249.172.243.203
2XL,Paraguayan,Rodgers,lrodgers1e@army.mil,Male,196.171.159.244
S,Yuman,Janovsky,djanovsky1f@gov.uk,Male,205.110.240.219
L,Salvadoran,Chetwynd,jchetwynd1g@hc360.com,Female,171.82.75.74
XS,Paraguayan,Sygroves,nsygroves1h@gmpg.org,Female,195.252.9.185
XL,Puerto Rican,Wootton,swootton1i@amazon.de,Female,107.23.71.1
XL,Chilean,Van der Velde,cvandervelde1j@webs.com,Female,64.12.179.163
2XL,Venezuelan,Blatcher,dblatcher1k@nifty.com,Male,136.185.117.25
XS,Tlingit-Haida,Candy,gcandy1l@msn.com,Female,206.13.206.101
S,Alaskan Athabascan,Connerry,bconnerry1m@narod.ru,Male,0.231.41.98
2XL,Seminole,Oxford,boxford1n@naver.com,Female,95.92.142.203
XS,Filipino,Spilsburie,fspilsburie1o@reddit.com,Female,209.196.115.148
M,Alaska Native,Golborn,vgolborn1p@delicious.com,Male,0.88.230.248
L,Cherokee,Schultze,eschultze1q@admin.ch,Female,123.212.202.144
XL,Samoan,Jerson,ljerson1r@sciencedaily.com,Female,129.34.187.228
M,Mexican,Cope,ecope1s@harvard.edu,Male,90.252.105.36
S,Potawatomi,Havvock,ghavvock1t@redcross.org,Male,189.119.176.253
XL,Lumbee,Cornill,hcornill1u@example.com,Female,195.53.14.106
2XL,Seminole,Colvill,wcolvill1v@clickbank.net,Male,18.178.128.214
3XL,Asian,Bewlay,tbewlay1w@storify.com,Male,64.189.106.97
XL,Pueblo,Cammis,dcammis1x@lycos.com,Male,240.74.175.27
S,Ute,Handy,thandy1y@goo.ne.jp,Male,12.229.5.226
M,Peruvian,Klampt,mklampt1z@imgur.com,Female,122.106.110.30
XS,Navajo,Seilmann,lseilmann20@state.tx.us,Male,234.178.206.208
2XL,American Indian and Alaska Native (AIAN),Dowsing,cdowsing21@stumbleupon.com,Male,169.255.201.26
M,Tlingit-Haida,Czapla,lczapla22@abc.net.au,Female,177.106.115.178
XS,Salvadoran,McLoughlin,amcloughlin23@berkeley.edu,Male,138.20.47.120
XS,Ottawa,Cavill,rcavill24@virginia.edu,Male,180.11.22.238
M,Chamorro,Simmgen,wsimmgen25@ezinearticles.com,Male,217.93.240.45
S,Bangladeshi,Weekly,rweekly26@tumblr.com,Male,248.238.125.177
XL,Yuman,Jira,sjira27@google.es,Male,251.144.141.210
L,Bangladeshi,Bole,bbole28@discuz.net,Male,179.59.31.214
2XL,Asian Indian,Ambrosio,mambrosio29@marriott.com,Male,220.63.197.42
M,Crow,Rivelin,wrivelin2a@nifty.com,Male,189.219.20.128
3XL,Delaware,Cannon,qcannon2b@sbwire.com,Male,95.7.120.190
M,Tohono O'Odham,Dahmke,gdahmke2c@house.gov,Male,64.40.50.198
3XL,Micronesian,Wharrier,twharrier2d@ucla.edu,Male,26.215.195.127
L,Puerto Rican,Rice,krice2e@fema.gov,Female,81.111.102.245
M,Peruvian,St Clair,kstclair2f@nba.com,Female,153.19.78.3
XS,Dominican (Dominican Republic),Ingraham,lingraham2g@geocities.com,Male,18.173.108.168
XS,Ottawa,Jellyman,ojellyman2h@sciencedaily.com,Female,170.221.128.29
XS,Latin American Indian,Pattle,jpattle2i@wsj.com,Female,207.31.18.53
2XL,Venezuelan,Littley,olittley2j@redcross.org,Female,135.28.255.113
L,Vietnamese,Korn,fkorn2k@live.com,Male,122.238.184.198
M,Cheyenne,Durand,fdurand2l@webs.com,Female,105.131.197.5
M,Dominican (Dominican Republic),Mathys,amathys2m@posterous.com,Female,192.2.32.198
L,Tongan,Flaonier,rflaonier2n@china.com.cn,Male,21.136.235.228
3XL,Eskimo,Corrie,hcorrie2o@chron.com,Male,119.181.73.22
S,American Indian and Alaska Native (AIAN),Brookhouse,abrookhouse2p@mayoclinic.com,Male,93.29.200.52
S,Chippewa,Bruckman,sbruckman2q@tiny.cc,Male,214.71.177.210
3XL,Puerto Rican,Gonoude,wgonoude2r@netlog.com,Male,186.201.95.7
